cohort_year,investor_count,avg_sip_amount,total_invested,favorite_transaction_type
2024,4803,10996.885825361911,3491125187,SIP
2025,197,13505.209580838324,30455243,SIP
