scheme_code,tracking_error
120503.0,0.18478415667865983
119092.0,0.1283958609371248
